[{"identificador":"boas_vindas","nome":"UNIDADE 1","descricao":"Ensinando em um mundo digital","permitePorcentagem":true,"identificadorPai":"","topicos":[{"identificadorPai":"boas_vindas","identificador":"unidade_i_introducao","nome":"Introdução"},{"identificadorPai":"boas_vindas","identificador":"unidade_i_tematica_i","nome":"Temática 1"},{"identificadorPai":"boas_vindas","identificador":"unidade_i_tematica_ii","nome":"Temática 2"}]},{"identificador":"ementa","nome":"UNIDADE 2","descricao":"Conhecendo recursos digitais educacionais","permitePorcentagem":true,"identificadorPai":"","topicos":[{"identificadorPai":"ementa","identificador":"unidade_ii_introducao","nome":"Introdução"},{"identificadorPai":"ementa","identificador":"unidade_ii_tematica_i","nome":"Temática 1"},{"identificadorPai":"ementa","identificador":"unidade_ii_tematica_ii","nome":"Temática 2"}]},{"identificador":"objetivos","nome":"UNIDADE 3","descricao":"Planejando aulas com os RED","permitePorcentagem":true,"identificadorPai":"","topicos":[{"identificadorPai":"objetivos","identificador":"unidade_iii_introducao","nome":"Introdução"},{"identificadorPai":"objetivos","identificador":"unidade_iii_tematica_i","nome":"Temática 1"},{"identificadorPai":"objetivos","identificador":"unidade_iii_tematica_ii","nome":"Temática 2"}]}]